site;mean;max;min;mean_sum;mean_wint;mean_day_up_per_y;mean_sup_op_duration;max_sup_op_duration
AmamiOshimaSud;24.499590332755;31.00237;18.53313;28.28429108408;20.9991173893855;29.219730941704;6.87341772151899;51
Anaa;27.5879856322577;30.31156;24.80941;28.6004915090708;26.4162050079154;62.8520179372197;6.63636363636364;67
Apataki;28.1187539262894;30.63961;25.46456;29.0426844365047;26.8969240024925;128.448430493274;14.3674698795181;164
Aratika;28.0602991388163;30.62175;25.53568;28.9759276404748;26.8600086074672;120.914798206278;12.2786885245902;148
Arutua;28.1776413939315;30.76924;25.46417;29.1289157726581;26.9005164150788;134.152466367713;14.0056179775281;112
Faaite;27.7766251802128;30.71209;25.10419;28.8363916003887;26.4828018029167;92.3946188340807;9.38251366120219;71
Guam;28.8075922343566;31.08778;25.38233;29.4837974443588;27.8219529418945;211.641255605381;19.86363636364;233
HivaOa;27.8612739356773;30.299;25.3548;28.3112414280818;27.2477028069834;57.1479820627803;8.36220472440945;153
Kauehi;27.9599980848635;30.72628;25.03118;28.8826526817909;26.7563004646476;106.869955156951;10.6774193548387;96
Makemo;27.7185388745712;32.01361;24.86286;28.7351318277212;26.4468770605476;84.4304932735426;9.62576687116565;102
Manihi;28.2592143523604;30.70181;25.5884;29.0592082730807;27.1321047165301;141.094170403587;13.58549222798;183
Mariannes;28.5912602500899;31.22612;26.05337;29.4621515404987;27.4649823584923;179.461883408072;16.4285714285714;189
MaruteaSud;25.903235453045;29.67057;22.63526;27.6609030585656;24.1645816763697;5.54260089686099;5.42105263157895;23
Maupihaa;27.9933624068106;30.87152;25.40072;28.8690471473107;26.8725008331665;101.973094170404;9.7680412371134;105
Morane;25.1623118747965;29.14406;21.16793;27.0044166940542;23.4903528979496;0.807174887892377;3.75;7
Motutunga;27.6599110900996;31.05221;24.80105;28.7379210686317;26.3575721561772;80.0179372197309;8.03783783783784;66
Nihiru;27.6670699089366;30.75972;24.80048;28.663544223492;26.3790168282096;75.067264573991;7.54054054054054;87
NukuHiva;27.8796918551268;30.36813;25.23513;28.2598723238431;27.3149743462045;55.2107623318386;9.24324324324324;211
Ouemo;24.5549634839916;29.70233;20.53767;26.9325367995042;22.2598921003276;4.95067264573991;4.84210526315789;17
Panyabungan;29.6661048028901;32.39367;26.66578;29.6928629432091;29.619570109064;340.681614349776;45.6538461538462;604
Raivavae;24.5552313938498;29.08778;21.11713;26.4326982022799;22.9020078264058;0.2152466367713;4;4
Rangiroa;28.2589955067912;30.86989;25.38648;29.1947547032283;26.9700945956756;143.62331838565;17.2193548387097;190
Raraka;27.9121279172157;30.92871;25.19332;28.874126088069;26.6587068865447;104.286995515695;9.78787878787879;89
Raroia;27.780593932193;30.32404;25.10798;28.7718539323073;26.4997287462178;89.7578475336323;9.69767441860465;91
Sumbawa;28.9067569501728;32.2839;24.9378;29.3925434840276;27.5500370381353;216;20.9787234042553;209
Taenga;27.7673860115302;30.92887;25.04538;28.7555504420354;26.4866194779595;88.4125560538117;9.66470588235294;116
Tahanea;27.7300466525395;30.56563;24.94536;28.7691689206637;26.459546657667;84.3766816143498;9.44578313253012;88
Takapoto;28.1727132613221;30.74842;25.7141;29.0014757467417;27.0313867769743;128.286995515695;10.8858447488584;140
Takume;27.76229746413;30.65891;25.16908;28.6371870539739;26.6285317058694;72.8071748878924;7.39344262295082;108
UaHuka;27.8255502004338;30.43067;25.221;28.1946587536152;27.2662342440345;51.8206278026906;8.09243697478992;215
UaPou;27.9487475376801;30.441;25.43833;28.3697038456843;27.3397668722838;66.457399103139;8.34459459459459;153